Cys, Cys, -5.44

Met, Cys, -4.99
Met, Met, -5.46

Phe, Cys, -5.80
Phe, Met, -6.56
Phe, Phe, -7.26

Ile, Cys, -5.50
Ile, Met, -6.02
Ile, Phe, -6.84
Ile, Ile, -6.54

Leu, Cys, -5.83
Leu, Met, -6.41
Leu, Phe, -7.28
Leu, Ile, -7.04
Leu, Leu, -7.37

Val, Cys, -4.96
Val, Met, -5.32
Val, Phe, -6.29
Val, Ile, -6.05
Val, Leu, -6.48
Val, Val, -5.52

Trp, Cys, -4.95
Trp, Met, -5.55
Trp, Phe, -6.16
Trp, Ile, -5.78
Trp, Leu, -6.14
Trp, Val, -5.18
Trp, Trp, -5.06

Tyr, Cys, -4.16
Tyr, Met, -4.91
Tyr, Phe, -5.66
Tyr, Ile, -5.25
Tyr, Leu, -5.67
Tyr, Val, -4.62
Tyr, Trp, -4.66
Tyr, Tyr, -4.17

Ala, Cys, -3.57
Ala, Met, -3.94
Ala, Phe, -4.81
Ala, Ile, -4.58
Ala, Leu, -4.91
Ala, Val, -4.04
Ala, Trp, -3.82
Ala, Tyr, -3.36
Ala, Ala, -2.72

Gly, Cys, -3.16
Gly, Met, -3.39
Gly, Phe, -4.13
Gly, Ile, -3.78
Gly, Leu, -4.16
Gly, Val, -3.38
Gly, Trp, -3.42
Gly, Tyr, -3.01
Gly, Ala, -2.31
Gly, Gly, -2.24

Thr, Cys, -3.11
Thr, Met, -3.51
Thr, Phe, -4.28
Thr, Ile, -4.03
Thr, Leu, -4.34
Thr, Val, -3.46
Thr, Trp, -3.22
Thr, Tyr, -3.01
Thr, Ala, -2.32
Thr, Gly, -2.08
Thr, Thr, -2.12

Ser, Cys, -2.86
Ser, Met, -3.03
Ser, Phe, -4.02
Ser, Ile, -3.52
Ser, Leu, -3.92
Ser, Val, -3.05
Ser, Trp, -2.99
Ser, Tyr, -2.78
Ser, Ala, -2.01
Ser, Gly, -1.82
Ser, Thr, -1.96
Ser, Ser, -1.67

Asn, Cys, -2.59
Asn, Met, -2.95
Asn, Phe, -3.75
Asn, Ile, -3.24
Asn, Leu, -3.74
Asn, Val, -2.83
Asn, Trp, -3.07
Asn, Tyr, -2.76
Asn, Ala, -1.84
Asn, Gly, -1.74
Asn, Thr, -1.88
Asn, Ser, -1.58
Asn, Asn, -1.68

Gln, Cys, -2.85
Gln, Met, -3.30
Gln, Phe, -4.10
Gln, Ile, -3.67
Gln, Leu, -4.04
Gln, Val, -3.07
Gln, Trp, -3.11
Gln, Tyr, -2.97
Gln, Ala, -1.89
Gln, Gly, -1.66
Gln, Thr, -1.90
Gln, Ser, -1.49
Gln, Asn, -1.71
Gln, Gln, -1.54

Asp, Cys, -2.41
Asp, Met, -2.57
Asp, Phe, -3.48
Asp, Ile, -3.17
Asp, Leu, -3.40
Asp, Val, -2.48
Asp, Trp, -2.84
Asp, Tyr, -2.76
Asp, Ala, -1.70
Asp, Gly, -1.59
Asp, Thr, -1.80
Asp, Ser, -1.63
Asp, Asn, -1.68
Asp, Gln, -1.46
Asp, Asp, -1.21

Glu, Cys, -2.27
Glu, Met, -2.89
Glu, Phe, -3.56
Glu, Ile, -3.27
Glu, Leu, -3.59
Glu, Val, -2.67
Glu, Trp, -2.99
Glu, Tyr, -2.79
Glu, Ala, -1.51
Glu, Gly, -1.22
Glu, Thr, -1.74
Glu, Ser, -1.48
Glu, Asn, -1.51
Glu, Gln, -1.42
Glu, Asp, -1.02
Glu, Glu, -0.91

His, Cys, -3.60
His, Met, -3.98
His, Phe, -4.77
His, Ile, -4.14
His, Leu, -4.54
His, Val, -3.58
His, Trp, -3.98
His, Tyr, -3.52
His, Ala, -2.41
His, Gly, -2.15
His, Thr, -2.42
His, Ser, -2.11
His, Asn, -2.08
His, Gln, -1.98
His, Asp, -2.32
His, Glu, -2.15
His, His, -3.05

Arg, Cys, -2.57
Arg, Met, -3.12
Arg, Phe, -3.98
Arg, Ile, -3.63
Arg, Leu, -4.03
Arg, Val, -3.07
Arg, Trp, -3.41
Arg, Tyr, -3.16
Arg, Ala, -1.83
Arg, Gly, -1.72
Arg, Thr, -1.90
Arg, Ser, -1.62
Arg, Asn, -1.64
Arg, Gln, -1.80
Arg, Asp, -2.29
Arg, Glu, -2.27
Arg, His, -2.16
Arg, Arg, -1.55

Lys, Cys, -1.95
Lys, Met, -2.48
Lys, Phe, -3.36
Lys, Ile, -3.01
Lys, Leu, -3.37
Lys, Val, -2.49
Lys, Trp, -2.69
Lys, Tyr, -2.60
Lys, Ala, -1.31
Lys, Gly, -1.15
Lys, Thr, -1.31
Lys, Ser, -1.05
Lys, Asn, -1.21
Lys, Gln, -1.29
Lys, Asp, -1.68
Lys, Glu, -1.80
Lys, His, -1.35
Lys, Arg, -0.59
Lys, Lys, -0.12

Pro, Cys, -3.07
Pro, Met, -3.45
Pro, Phe, -4.25
Pro, Ile, -3.76
Pro, Leu, -4.20
Pro, Val, -3.32
Pro, Trp, -3.73
Pro, Tyr, -3.19
Pro, Ala, -2.03
Pro, Gly, -1.87
Pro, Thr, -1.90
Pro, Ser, -1.57
Pro, Asn, -1.53
Pro, Gln, -1.73
Pro, Asp, -1.33
Pro, Glu, -1.26
Pro, His, -2.25
Pro, Arg, -1.70
Pro, Lys, -0.97
Pro, Pro, -1.75
